rosbagTimestamp,header,seq,stamp,secs,nsecs,frame_id,level,name,msg,file,function,line,topics,- /sick_lms_5xx/parameter_descriptions,- /sick_lms_5xx/parameter_updates,- /diagnostics,- /sick_lms_5xx/lferec,- /sick_lms_5xx/lidoutputstate,- /sick_lms_5xx/marker,- /cloud,- /sick_lms_5xx/imu,- /sick_lms_5xx/encoder,- /sick_lms_5xx/scan
1722883526267975053,,1198,,1722883526,267611290,'',2,"""/sick_lms_5xx""","""Sending","""/home/ivsg/catkin_ws/src/sick_scan_xd/driver/src/sick_scan_common.cpp""","""SickScanCommon",1072,- /rosout
1722883526268812103,,1199,,1722883526,268587423,'',2,"""/sick_lms_5xx""","""Receiving","""/home/ivsg/catkin_ws/src/sick_scan_xd/driver/src/sick_scan_common.cpp""","""SickScanCommon",1078,- /rosout
1722883526469073739,,1200,,1722883526,468835700,'',2,"""/sick_lms_5xx""","""Sending","""/home/ivsg/catkin_ws/src/sick_scan_xd/driver/src/sick_scan_common.cpp""","""SickScanCommon",1072,- /rosout
1722883526469836603,,1201,,1722883526,469684942,'',2,"""/sick_lms_5xx""","""Receiving","""/home/ivsg/catkin_ws/src/sick_scan_xd/driver/src/sick_scan_common.cpp""","""SickScanCommon",1078,- /rosout
1722883526670187128,,1202,,1722883526,669890513,'',2,"""/sick_lms_5xx""","""Sending","""/home/ivsg/catkin_ws/src/sick_scan_xd/driver/src/sick_scan_common.cpp""","""SickScanCommon",1072,- /rosout
1722883526670986360,,1203,,1722883526,670778463,'',2,"""/sick_lms_5xx""","""Receiving","""/home/ivsg/catkin_ws/src/sick_scan_xd/driver/src/sick_scan_common.cpp""","""SickScanCommon",1078,- /rosout
1722883526871133600,,1204,,1722883526,870960338,'',2,"""/sick_lms_5xx""","""Sending","""/home/ivsg/catkin_ws/src/sick_scan_xd/driver/src/sick_scan_common.cpp""","""SickScanCommon",1072,- /rosout
1722883526872051322,,1205,,1722883526,871769830,'',2,"""/sick_lms_5xx""","""Receiving","""/home/ivsg/catkin_ws/src/sick_scan_xd/driver/src/sick_scan_common.cpp""","""SickScanCommon",1078,- /rosout
1722883527072727938,,1206,,1722883527,72383866,'',2,"""/sick_lms_5xx""","""Sending","""/home/ivsg/catkin_ws/src/sick_scan_xd/driver/src/sick_scan_common.cpp""","""SickScanCommon",1072,- /rosout
1722883527073411158,,1207,,1722883527,73125358,'',2,"""/sick_lms_5xx""","""Receiving","""/home/ivsg/catkin_ws/src/sick_scan_xd/driver/src/sick_scan_common.cpp""","""SickScanCommon",1078,- /rosout
1722883527144966772,,1208,,1722883527,144600868,'',2,"""/ntrip_client""","""Mapping Van is connected to the NTRIP Caster through PSU_TestTrack""","""ntrip_client_node.py""","""NTRIPClientNode.get""",123,- /ntrip_info
1722883527273965881,,1209,,1722883527,273614817,'',2,"""/sick_lms_5xx""","""Sending","""/home/ivsg/catkin_ws/src/sick_scan_xd/driver/src/sick_scan_common.cpp""","""SickScanCommon",1072,- /rosout
1722883527274613980,,1210,,1722883527,274416934,'',2,"""/sick_lms_5xx""","""Receiving","""/home/ivsg/catkin_ws/src/sick_scan_xd/driver/src/sick_scan_common.cpp""","""SickScanCommon",1078,- /rosout
1722883527275110789,,1211,,1722883527,274860543,'',2,"""/sick_lms_5xx""","""Sending","""/home/ivsg/catkin_ws/src/sick_scan_xd/driver/src/sick_scan_common.cpp""","""SickScanCommon",1072,- /rosout
1722883527275951718,,1212,,1722883527,275632465,'',2,"""/sick_lms_5xx""","""Receiving","""/home/ivsg/catkin_ws/src/sick_scan_xd/driver/src/sick_scan_common.cpp""","""SickScanCommon",1078,- /rosout
1722883527275953596,,1213,,1722883527,275660468,'',2,"""/sick_lms_5xx""","""Angle resolution of scanner is 0.5 [deg]  (in 1/10000th deg","""/home/ivsg/catkin_ws/src/sick_scan_xd/driver/src/sick_scan_common.cpp""","""SickScanCommon",2825,- /rosout
1722883527275955073,,1214,,1722883527,275673495,'',2,"""/sick_lms_5xx""","""[From","""/home/ivsg/catkin_ws/src/sick_scan_xd/driver/src/sick_scan_common.cpp""","""SickScanCommon",2827,- /rosout
1722883527275956805,,1215,,1722883527,275684605,'',2,"""/sick_lms_5xx""","""MIN_ANG","""/home/ivsg/catkin_ws/src/sick_scan_xd/driver/src/sick_scan_common.cpp""","""SickScanCommon",2839,- /rosout
1722883527275971326,,1216,,1722883527,275701609,'',2,"""/sick_lms_5xx""","""MAX_ANG","""/home/ivsg/catkin_ws/src/sick_scan_xd/driver/src/sick_scan_common.cpp""","""SickScanCommon",2840,- /rosout
1722883527275973025,,1217,,1722883527,275716330,'',2,"""/sick_lms_5xx""","""Sending","""/home/ivsg/catkin_ws/src/sick_scan_xd/driver/src/sick_scan_common.cpp""","""SickScanCommon",1072,- /rosout
1722883527276811509,,1218,,1722883527,276577734,'',2,"""/sick_lms_5xx""","""Receiving","""/home/ivsg/catkin_ws/src/sick_scan_xd/driver/src/sick_scan_common.cpp""","""SickScanCommon",1078,- /rosout
1722883527276817954,,1219,,1722883527,276598174,'',2,"""/sick_lms_5xx""","""Sending","""/home/ivsg/catkin_ws/src/sick_scan_xd/driver/src/sick_scan_common.cpp""","""SickScanCommon",1072,- /rosout
1722883527277635504,,1220,,1722883527,277394160,'',2,"""/sick_lms_5xx""","""Receiving","""/home/ivsg/catkin_ws/src/sick_scan_xd/driver/src/sick_scan_common.cpp""","""SickScanCommon",1078,- /rosout
1722883527277639725,,1221,,1722883527,277418468,'',2,"""/sick_lms_5xx""","""Angle resolution of scanner is 0.5 [deg]  (in 1/10000th deg","""/home/ivsg/catkin_ws/src/sick_scan_xd/driver/src/sick_scan_common.cpp""","""SickScanCommon",3139,- /rosout
1722883527278649188,,1222,,1722883527,278486864,'',2,"""/sick_lms_5xx""","""MIN_ANG (after command verification)","""/home/ivsg/catkin_ws/src/sick_scan_xd/driver/src/sick_scan_common.cpp""","""SickScanCommon",3171,- /rosout
1722883527278652192,,1223,,1722883527,278502308,'',2,"""/sick_lms_5xx""","""MAX_ANG (after command verification)","""/home/ivsg/catkin_ws/src/sick_scan_xd/driver/src/sick_scan_common.cpp""","""SickScanCommon",3174,- /rosout
1722883527278890345,,1224,,1722883527,278760455,'',2,"""/sick_lms_5xx""","""LMS 5xx detected overwriting output channel flag ID""","""/home/ivsg/catkin_ws/src/sick_scan_xd/driver/src/sick_scan_common.cpp""","""SickScanCommon",3214,- /rosout
1722883527278891799,,1225,,1722883527,278774977,'',2,"""/sick_lms_5xx""","""LMS 5xx detected overwriting resolution flag (only 8 bit supported)""","""/home/ivsg/catkin_ws/src/sick_scan_xd/driver/src/sick_scan_common.cpp""","""SickScanCommon",3216,- /rosout
1722883527278922481,,1226,,1722883527,278786356,'',2,"""/sick_lms_5xx""","""Reading safety fields""","""/home/ivsg/catkin_ws/src/sick_scan_xd/driver/src/sick_scan_common.cpp""","""SickScanCommon",3230,- /rosout
1722883527278965139,,1227,,1722883527,278807316,'',2,"""/sick_lms_5xx""","""Sending","""/home/ivsg/catkin_ws/src/sick_scan_xd/driver/src/sick_scan_common.cpp""","""SickScanCommon",1072,- /rosout
1722883527280083491,,1228,,1722883527,279890693,'',2,"""/sick_lms_5xx""","""Receiving","""/home/ivsg/catkin_ws/src/sick_scan_xd/driver/src/sick_scan_common.cpp""","""SickScanCommon",1078,- /rosout
1722883527280085164,,1229,,1722883527,279914157,'',8,"""/sick_lms_5xx""","""SickScanFieldMonSingleton","""/home/ivsg/catkin_ws/src/sick_scan_xd/driver/src/sick_generic_field_mon.cpp""","""SickScanFieldMonSingleton",215,- /rosout
1722883527280091148,,1230,,1722883527,279933755,'',2,"""/sick_lms_5xx""","""Sending","""/home/ivsg/catkin_ws/src/sick_scan_xd/driver/src/sick_scan_common.cpp""","""SickScanCommon",1072,- /rosout
1722883527281142957,,1231,,1722883527,281012067,'',2,"""/sick_lms_5xx""","""Receiving","""/home/ivsg/catkin_ws/src/sick_scan_xd/driver/src/sick_scan_common.cpp""","""SickScanCommon",1078,- /rosout
1722883527281251423,,1232,,1722883527,281032619,'',8,"""/sick_lms_5xx""","""SickScanFieldMonSingleton","""/home/ivsg/catkin_ws/src/sick_scan_xd/driver/src/sick_generic_field_mon.cpp""","""SickScanFieldMonSingleton",215,- /rosout
1722883527281255657,,1233,,1722883527,281045908,'',2,"""/sick_lms_5xx""","""Sending","""/home/ivsg/catkin_ws/src/sick_scan_xd/driver/src/sick_scan_common.cpp""","""SickScanCommon",1072,- /rosout
1722883527282362503,,1234,,1722883527,282164159,'',2,"""/sick_lms_5xx""","""Receiving","""/home/ivsg/catkin_ws/src/sick_scan_xd/driver/src/sick_scan_common.cpp""","""SickScanCommon",1078,- /rosout
1722883527282364353,,1235,,1722883527,282184995,'',8,"""/sick_lms_5xx""","""SickScanFieldMonSingleton","""/home/ivsg/catkin_ws/src/sick_scan_xd/driver/src/sick_generic_field_mon.cpp""","""SickScanFieldMonSingleton",215,- /rosout
1722883527282375510,,1236,,1722883527,282197824,'',2,"""/sick_lms_5xx""","""Sending","""/home/ivsg/catkin_ws/src/sick_scan_xd/driver/src/sick_scan_common.cpp""","""SickScanCommon",1072,- /rosout
1722883527283488975,,1237,,1722883527,283281704,'',2,"""/sick_lms_5xx""","""Receiving","""/home/ivsg/catkin_ws/src/sick_scan_xd/driver/src/sick_scan_common.cpp""","""SickScanCommon",1078,- /rosout
1722883527283492483,,1238,,1722883527,283301093,'',8,"""/sick_lms_5xx""","""SickScanFieldMonSingleton","""/home/ivsg/catkin_ws/src/sick_scan_xd/driver/src/sick_generic_field_mon.cpp""","""SickScanFieldMonSingleton",215,- /rosout
1722883527283496179,,1239,,1722883527,283319485,'',2,"""/sick_lms_5xx""","""Sending","""/home/ivsg/catkin_ws/src/sick_scan_xd/driver/src/sick_scan_common.cpp""","""SickScanCommon",1072,- /rosout
1722883527284504674,,1240,,1722883527,284366341,'',2,"""/sick_lms_5xx""","""Receiving","""/home/ivsg/catkin_ws/src/sick_scan_xd/driver/src/sick_scan_common.cpp""","""SickScanCommon",1078,- /rosout
1722883527284524238,,1241,,1722883527,284387073,'',8,"""/sick_lms_5xx""","""SickScanFieldMonSingleton","""/home/ivsg/catkin_ws/src/sick_scan_xd/driver/src/sick_generic_field_mon.cpp""","""SickScanFieldMonSingleton",215,- /rosout
1722883527284526280,,1242,,1722883527,284400416,'',2,"""/sick_lms_5xx""","""Sending","""/home/ivsg/catkin_ws/src/sick_scan_xd/driver/src/sick_scan_common.cpp""","""SickScanCommon",1072,- /rosout
1722883527285592979,,1243,,1722883527,285415444,'',2,"""/sick_lms_5xx""","""Receiving","""/home/ivsg/catkin_ws/src/sick_scan_xd/driver/src/sick_scan_common.cpp""","""SickScanCommon",1078,- /rosout
1722883527285601782,,1244,,1722883527,285435018,'',8,"""/sick_lms_5xx""","""SickScanFieldMonSingleton","""/home/ivsg/catkin_ws/src/sick_scan_xd/driver/src/sick_generic_field_mon.cpp""","""SickScanFieldMonSingleton",215,- /rosout
1722883527285605466,,1245,,1722883527,285447401,'',2,"""/sick_lms_5xx""","""Sending","""/home/ivsg/catkin_ws/src/sick_scan_xd/driver/src/sick_scan_common.cpp""","""SickScanCommon",1072,- /rosout
1722883527286932189,,1246,,1722883527,286690003,'',2,"""/sick_lms_5xx""","""Receiving","""/home/ivsg/catkin_ws/src/sick_scan_xd/driver/src/sick_scan_common.cpp""","""SickScanCommon",1078,- /rosout
1722883527286936468,,1247,,1722883527,286709110,'',8,"""/sick_lms_5xx""","""SickScanFieldMonSingleton","""/home/ivsg/catkin_ws/src/sick_scan_xd/driver/src/sick_generic_field_mon.cpp""","""SickScanFieldMonSingleton",215,- /rosout
1722883527286947839,,1248,,1722883527,286721821,'',2,"""/sick_lms_5xx""","""Sending","""/home/ivsg/catkin_ws/src/sick_scan_xd/driver/src/sick_scan_common.cpp""","""SickScanCommon",1072,- /rosout
1722883527287998982,,1249,,1722883527,287773113,'',2,"""/sick_lms_5xx""","""Receiving","""/home/ivsg/catkin_ws/src/sick_scan_xd/driver/src/sick_scan_common.cpp""","""SickScanCommon",1078,- /rosout
1722883527288002805,,1250,,1722883527,287792027,'',8,"""/sick_lms_5xx""","""SickScanFieldMonSingleton","""/home/ivsg/catkin_ws/src/sick_scan_xd/driver/src/sick_generic_field_mon.cpp""","""SickScanFieldMonSingleton",215,- /rosout
1722883527288004453,,1251,,1722883527,287804480,'',2,"""/sick_lms_5xx""","""Sending","""/home/ivsg/catkin_ws/src/sick_scan_xd/driver/src/sick_scan_common.cpp""","""SickScanCommon",1072,- /rosout
1722883527288984121,,1252,,1722883527,288858443,'',2,"""/sick_lms_5xx""","""Receiving","""/home/ivsg/catkin_ws/src/sick_scan_xd/driver/src/sick_scan_common.cpp""","""SickScanCommon",1078,- /rosout
1722883527288985499,,1253,,1722883527,288878853,'',8,"""/sick_lms_5xx""","""SickScanFieldMonSingleton","""/home/ivsg/catkin_ws/src/sick_scan_xd/driver/src/sick_generic_field_mon.cpp""","""SickScanFieldMonSingleton",215,- /rosout
1722883527288999817,,1254,,1722883527,288891177,'',2,"""/sick_lms_5xx""","""Sending","""/home/ivsg/catkin_ws/src/sick_scan_xd/driver/src/sick_scan_common.cpp""","""SickScanCommon",1072,- /rosout
1722883527290150240,,1255,,1722883527,290044849,'',2,"""/sick_lms_5xx""","""Receiving","""/home/ivsg/catkin_ws/src/sick_scan_xd/driver/src/sick_scan_common.cpp""","""SickScanCommon",1078,- /rosout
1722883527290151979,,1256,,1722883527,290061519,'',8,"""/sick_lms_5xx""","""SickScanFieldMonSingleton","""/home/ivsg/catkin_ws/src/sick_scan_xd/driver/src/sick_generic_field_mon.cpp""","""SickScanFieldMonSingleton",215,- /rosout
1722883527290163591,,1257,,1722883527,290073128,'',2,"""/sick_lms_5xx""","""Sending","""/home/ivsg/catkin_ws/src/sick_scan_xd/driver/src/sick_scan_common.cpp""","""SickScanCommon",1072,- /rosout
1722883527291114495,,1258,,1722883527,290764913,'',2,"""/sick_lms_5xx""","""Receiving","""/home/ivsg/catkin_ws/src/sick_scan_xd/driver/src/sick_scan_common.cpp""","""SickScanCommon",1078,- /rosout
1722883527291122767,,1259,,1722883527,290780419,'',8,"""/sick_lms_5xx""","""SickScanFieldMonSingleton","""/home/ivsg/catkin_ws/src/sick_scan_xd/driver/src/sick_generic_field_mon.cpp""","""SickScanFieldMonSingleton",215,- /rosout
1722883527291125487,,1260,,1722883527,290791329,'',2,"""/sick_lms_5xx""","""Sending","""/home/ivsg/catkin_ws/src/sick_scan_xd/driver/src/sick_scan_common.cpp""","""SickScanCommon",1072,- /rosout
1722883527291789305,,1261,,1722883527,291550730,'',2,"""/sick_lms_5xx""","""Receiving","""/home/ivsg/catkin_ws/src/sick_scan_xd/driver/src/sick_scan_common.cpp""","""SickScanCommon",1078,- /rosout
1722883527291795160,,1262,,1722883527,291570126,'',8,"""/sick_lms_5xx""","""SickScanFieldMonSingleton","""/home/ivsg/catkin_ws/src/sick_scan_xd/driver/src/sick_generic_field_mon.cpp""","""SickScanFieldMonSingleton",215,- /rosout
1722883527291796460,,1263,,1722883527,291582553,'',2,"""/sick_lms_5xx""","""Sending","""/home/ivsg/catkin_ws/src/sick_scan_xd/driver/src/sick_scan_common.cpp""","""SickScanCommon",1072,- /rosout
1722883527292605467,,1264,,1722883527,292388978,'',2,"""/sick_lms_5xx""","""Receiving","""/home/ivsg/catkin_ws/src/sick_scan_xd/driver/src/sick_scan_common.cpp""","""SickScanCommon",1078,- /rosout
1722883527292627605,,1265,,1722883527,292407964,'',8,"""/sick_lms_5xx""","""SickScanFieldMonSingleton","""/home/ivsg/catkin_ws/src/sick_scan_xd/driver/src/sick_generic_field_mon.cpp""","""SickScanFieldMonSingleton",215,- /rosout
1722883527292644615,,1266,,1722883527,292420627,'',2,"""/sick_lms_5xx""","""Sending","""/home/ivsg/catkin_ws/src/sick_scan_xd/driver/src/sick_scan_common.cpp""","""SickScanCommon",1072,- /rosout
1722883527293339227,,1267,,1722883527,293151266,'',2,"""/sick_lms_5xx""","""Receiving","""/home/ivsg/catkin_ws/src/sick_scan_xd/driver/src/sick_scan_common.cpp""","""SickScanCommon",1078,- /rosout
1722883527293345007,,1268,,1722883527,293170880,'',8,"""/sick_lms_5xx""","""SickScanFieldMonSingleton","""/home/ivsg/catkin_ws/src/sick_scan_xd/driver/src/sick_generic_field_mon.cpp""","""SickScanFieldMonSingleton",215,- /rosout
1722883527293347557,,1269,,1722883527,293183315,'',2,"""/sick_lms_5xx""","""Sending","""/home/ivsg/catkin_ws/src/sick_scan_xd/driver/src/sick_scan_common.cpp""","""SickScanCommon",1072,- /rosout
1722883527294177414,,1270,,1722883527,294030026,'',2,"""/sick_lms_5xx""","""Receiving","""/home/ivsg/catkin_ws/src/sick_scan_xd/driver/src/sick_scan_common.cpp""","""SickScanCommon",1078,- /rosout
1722883527294179493,,1271,,1722883527,294049355,'',8,"""/sick_lms_5xx""","""SickScanFieldMonSingleton","""/home/ivsg/catkin_ws/src/sick_scan_xd/driver/src/sick_generic_field_mon.cpp""","""SickScanFieldMonSingleton",215,- /rosout
1722883527294191600,,1272,,1722883527,294062530,'',2,"""/sick_lms_5xx""","""Sending","""/home/ivsg/catkin_ws/src/sick_scan_xd/driver/src/sick_scan_common.cpp""","""SickScanCommon",1072,- /rosout
1722883527294899816,,1273,,1722883527,294760828,'',2,"""/sick_lms_5xx""","""Receiving","""/home/ivsg/catkin_ws/src/sick_scan_xd/driver/src/sick_scan_common.cpp""","""SickScanCommon",1078,- /rosout
1722883527294905975,,1274,,1722883527,294781268,'',8,"""/sick_lms_5xx""","""SickScanFieldMonSingleton","""/home/ivsg/catkin_ws/src/sick_scan_xd/driver/src/sick_generic_field_mon.cpp""","""SickScanFieldMonSingleton",215,- /rosout
1722883527294987986,,1275,,1722883527,294794124,'',2,"""/sick_lms_5xx""","""Sending","""/home/ivsg/catkin_ws/src/sick_scan_xd/driver/src/sick_scan_common.cpp""","""SickScanCommon",1072,- /rosout
1722883527295748835,,1276,,1722883527,295539926,'',2,"""/sick_lms_5xx""","""Receiving","""/home/ivsg/catkin_ws/src/sick_scan_xd/driver/src/sick_scan_common.cpp""","""SickScanCommon",1078,- /rosout
1722883527295753825,,1277,,1722883527,295559122,'',8,"""/sick_lms_5xx""","""SickScanFieldMonSingleton","""/home/ivsg/catkin_ws/src/sick_scan_xd/driver/src/sick_generic_field_mon.cpp""","""SickScanFieldMonSingleton",215,- /rosout
1722883527295758255,,1278,,1722883527,295571650,'',2,"""/sick_lms_5xx""","""Sending","""/home/ivsg/catkin_ws/src/sick_scan_xd/driver/src/sick_scan_common.cpp""","""SickScanCommon",1072,- /rosout
1722883527296456433,,1279,,1722883527,296348398,'',2,"""/sick_lms_5xx""","""Receiving","""/home/ivsg/catkin_ws/src/sick_scan_xd/driver/src/sick_scan_common.cpp""","""SickScanCommon",1078,- /rosout
1722883527296458287,,1280,,1722883527,296368166,'',8,"""/sick_lms_5xx""","""SickScanFieldMonSingleton","""/home/ivsg/catkin_ws/src/sick_scan_xd/driver/src/sick_generic_field_mon.cpp""","""SickScanFieldMonSingleton",215,- /rosout
1722883527296467018,,1281,,1722883527,296380749,'',2,"""/sick_lms_5xx""","""Sending","""/home/ivsg/catkin_ws/src/sick_scan_xd/driver/src/sick_scan_common.cpp""","""SickScanCommon",1072,- /rosout
1722883527297323939,,1282,,1722883527,297092333,'',2,"""/sick_lms_5xx""","""Receiving","""/home/ivsg/catkin_ws/src/sick_scan_xd/driver/src/sick_scan_common.cpp""","""SickScanCommon",1078,- /rosout
1722883527297327774,,1283,,1722883527,297108712,'',8,"""/sick_lms_5xx""","""SickScanFieldMonSingleton","""/home/ivsg/catkin_ws/src/sick_scan_xd/driver/src/sick_generic_field_mon.cpp""","""SickScanFieldMonSingleton",215,- /rosout
1722883527297329448,,1284,,1722883527,297121450,'',2,"""/sick_lms_5xx""","""Sending","""/home/ivsg/catkin_ws/src/sick_scan_xd/driver/src/sick_scan_common.cpp""","""SickScanCommon",1072,- /rosout
1722883527298090642,,1285,,1722883527,297920519,'',2,"""/sick_lms_5xx""","""Receiving","""/home/ivsg/catkin_ws/src/sick_scan_xd/driver/src/sick_scan_common.cpp""","""SickScanCommon",1078,- /rosout
1722883527298091979,,1286,,1722883527,297940990,'',8,"""/sick_lms_5xx""","""SickScanFieldMonSingleton","""/home/ivsg/catkin_ws/src/sick_scan_xd/driver/src/sick_generic_field_mon.cpp""","""SickScanFieldMonSingleton",215,- /rosout
1722883527298179717,,1287,,1722883527,297953847,'',2,"""/sick_lms_5xx""","""Sending","""/home/ivsg/catkin_ws/src/sick_scan_xd/driver/src/sick_scan_common.cpp""","""SickScanCommon",1072,- /rosout
1722883527298729348,,1288,,1722883527,298620199,'',2,"""/sick_lms_5xx""","""Receiving","""/home/ivsg/catkin_ws/src/sick_scan_xd/driver/src/sick_scan_common.cpp""","""SickScanCommon",1078,- /rosout
1722883527298736034,,1289,,1722883527,298639820,'',8,"""/sick_lms_5xx""","""SickScanFieldMonSingleton","""/home/ivsg/catkin_ws/src/sick_scan_xd/driver/src/sick_generic_field_mon.cpp""","""SickScanFieldMonSingleton",215,- /rosout
1722883527298737970,,1290,,1722883527,298653310,'',2,"""/sick_lms_5xx""","""Sending","""/home/ivsg/catkin_ws/src/sick_scan_xd/driver/src/sick_scan_common.cpp""","""SickScanCommon",1072,- /rosout
1722883527299567609,,1291,,1722883527,299418833,'',2,"""/sick_lms_5xx""","""Receiving","""/home/ivsg/catkin_ws/src/sick_scan_xd/driver/src/sick_scan_common.cpp""","""SickScanCommon",1078,- /rosout
1722883527299569838,,1292,,1722883527,299436129,'',8,"""/sick_lms_5xx""","""SickScanFieldMonSingleton","""/home/ivsg/catkin_ws/src/sick_scan_xd/driver/src/sick_generic_field_mon.cpp""","""SickScanFieldMonSingleton",215,- /rosout
1722883527299571784,,1293,,1722883527,299447627,'',2,"""/sick_lms_5xx""","""Sending","""/home/ivsg/catkin_ws/src/sick_scan_xd/driver/src/sick_scan_common.cpp""","""SickScanCommon",1072,- /rosout
1722883527300495584,,1294,,1722883527,300292477,'',2,"""/sick_lms_5xx""","""Receiving","""/home/ivsg/catkin_ws/src/sick_scan_xd/driver/src/sick_scan_common.cpp""","""SickScanCommon",1078,- /rosout
1722883527300507641,,1295,,1722883527,300308426,'',8,"""/sick_lms_5xx""","""SickScanFieldMonSingleton","""/home/ivsg/catkin_ws/src/sick_scan_xd/driver/src/sick_generic_field_mon.cpp""","""SickScanFieldMonSingleton",215,- /rosout
1722883527300509156,,1296,,1722883527,300319246,'',2,"""/sick_lms_5xx""","""Sending","""/home/ivsg/catkin_ws/src/sick_scan_xd/driver/src/sick_scan_common.cpp""","""SickScanCommon",1072,- /rosout
1722883527301320200,,1297,,1722883527,301023514,'',2,"""/sick_lms_5xx""","""Receiving","""/home/ivsg/catkin_ws/src/sick_scan_xd/driver/src/sick_scan_common.cpp""","""SickScanCommon",1078,- /rosout
1722883527301322729,,1298,,1722883527,301042536,'',8,"""/sick_lms_5xx""","""SickScanFieldMonSingleton","""/home/ivsg/catkin_ws/src/sick_scan_xd/driver/src/sick_generic_field_mon.cpp""","""SickScanFieldMonSingleton",215,- /rosout
1722883527301357449,,1299,,1722883527,301054127,'',2,"""/sick_lms_5xx""","""Sending","""/home/ivsg/catkin_ws/src/sick_scan_xd/driver/src/sick_scan_common.cpp""","""SickScanCommon",1072,- /rosout
1722883527301889216,,1300,,1722883527,301768591,'',2,"""/sick_lms_5xx""","""Receiving","""/home/ivsg/catkin_ws/src/sick_scan_xd/driver/src/sick_scan_common.cpp""","""SickScanCommon",1078,- /rosout
1722883527301892363,,1301,,1722883527,301789828,'',8,"""/sick_lms_5xx""","""SickScanFieldMonSingleton","""/home/ivsg/catkin_ws/src/sick_scan_xd/driver/src/sick_generic_field_mon.cpp""","""SickScanFieldMonSingleton",215,- /rosout
1722883527301894662,,1302,,1722883527,301803674,'',2,"""/sick_lms_5xx""","""Sending","""/home/ivsg/catkin_ws/src/sick_scan_xd/driver/src/sick_scan_common.cpp""","""SickScanCommon",1072,- /rosout
1722883527302672330,,1303,,1722883527,302497982,'',2,"""/sick_lms_5xx""","""Receiving","""/home/ivsg/catkin_ws/src/sick_scan_xd/driver/src/sick_scan_common.cpp""","""SickScanCommon",1078,- /rosout
1722883527302674635,,1304,,1722883527,302518134,'',8,"""/sick_lms_5xx""","""SickScanFieldMonSingleton","""/home/ivsg/catkin_ws/src/sick_scan_xd/driver/src/sick_generic_field_mon.cpp""","""SickScanFieldMonSingleton",215,- /rosout
1722883527302681042,,1305,,1722883527,302531498,'',2,"""/sick_lms_5xx""","""Sending","""/home/ivsg/catkin_ws/src/sick_scan_xd/driver/src/sick_scan_common.cpp""","""SickScanCommon",1072,- /rosout
1722883527303488287,,1306,,1722883527,303366984,'',2,"""/sick_lms_5xx""","""Receiving","""/home/ivsg/catkin_ws/src/sick_scan_xd/driver/src/sick_scan_common.cpp""","""SickScanCommon",1078,- /rosout
1722883527303529180,,1307,,1722883527,303386440,'',8,"""/sick_lms_5xx""","""SickScanFieldMonSingleton","""/home/ivsg/catkin_ws/src/sick_scan_xd/driver/src/sick_generic_field_mon.cpp""","""SickScanFieldMonSingleton",215,- /rosout
1722883527303533476,,1308,,1722883527,303399338,'',2,"""/sick_lms_5xx""","""Sending","""/home/ivsg/catkin_ws/src/sick_scan_xd/driver/src/sick_scan_common.cpp""","""SickScanCommon",1072,- /rosout
1722883527304202722,,1309,,1722883527,304088422,'',2,"""/sick_lms_5xx""","""Receiving","""/home/ivsg/catkin_ws/src/sick_scan_xd/driver/src/sick_scan_common.cpp""","""SickScanCommon",1078,- /rosout
1722883527304212038,,1310,,1722883527,304107292,'',8,"""/sick_lms_5xx""","""SickScanFieldMonSingleton","""/home/ivsg/catkin_ws/src/sick_scan_xd/driver/src/sick_generic_field_mon.cpp""","""SickScanFieldMonSingleton",215,- /rosout
1722883527304214242,,1311,,1722883527,304120363,'',2,"""/sick_lms_5xx""","""Sending","""/home/ivsg/catkin_ws/src/sick_scan_xd/driver/src/sick_scan_common.cpp""","""SickScanCommon",1072,- /rosout
1722883527304978168,,1312,,1722883527,304784198,'',2,"""/sick_lms_5xx""","""Receiving","""/home/ivsg/catkin_ws/src/sick_scan_xd/driver/src/sick_scan_common.cpp""","""SickScanCommon",1078,- /rosout
1722883527304981147,,1313,,1722883527,304801634,'',8,"""/sick_lms_5xx""","""SickScanFieldMonSingleton","""/home/ivsg/catkin_ws/src/sick_scan_xd/driver/src/sick_generic_field_mon.cpp""","""SickScanFieldMonSingleton",215,- /rosout
1722883527304982811,,1314,,1722883527,304813119,'',2,"""/sick_lms_5xx""","""Sending","""/home/ivsg/catkin_ws/src/sick_scan_xd/driver/src/sick_scan_common.cpp""","""SickScanCommon",1072,- /rosout
1722883527305668690,,1315,,1722883527,305515817,'',2,"""/sick_lms_5xx""","""Receiving","""/home/ivsg/catkin_ws/src/sick_scan_xd/driver/src/sick_scan_common.cpp""","""SickScanCommon",1078,- /rosout
1722883527305679115,,1316,,1722883527,305535463,'',8,"""/sick_lms_5xx""","""SickScanFieldMonSingleton","""/home/ivsg/catkin_ws/src/sick_scan_xd/driver/src/sick_generic_field_mon.cpp""","""SickScanFieldMonSingleton",215,- /rosout
1722883527305681129,,1317,,1722883527,305548102,'',2,"""/sick_lms_5xx""","""Sending","""/home/ivsg/catkin_ws/src/sick_scan_xd/driver/src/sick_scan_common.cpp""","""SickScanCommon",1072,- /rosout
1722883527306498485,,1318,,1722883527,306374554,'',2,"""/sick_lms_5xx""","""Receiving","""/home/ivsg/catkin_ws/src/sick_scan_xd/driver/src/sick_scan_common.cpp""","""SickScanCommon",1078,- /rosout
1722883527306500468,,1319,,1722883527,306405420,'',2,"""/sick_lms_5xx""","""Safety fieldset 0, pointcounter = [  0, 0, 0, 0, 0, 0, 0, 0, 0, 0, 0, 0, 0, 0, 0,\","""/home/ivsg/catkin_ws/src/sick_scan_xd/driver/src/sick_scan_common.cpp""","""SickScanCommon",3288,- /rosout
1722883527306829102,,1320,,1722883527,306710203,'',2,"""/sick_lms_5xx""","""Sending","""/home/ivsg/catkin_ws/src/sick_scan_xd/driver/src/sick_scan_common.cpp""","""SickScanCommon",1072,- /rosout
1722883527307794887,,1321,,1722883527,307682158,'',2,"""/sick_lms_5xx""","""Receiving","""/home/ivsg/catkin_ws/src/sick_scan_xd/driver/src/sick_scan_common.cpp""","""SickScanCommon",1078,- /rosout
1722883527307799850,,1322,,1722883527,307702428,'',2,"""/sick_lms_5xx""","""Sending","""/home/ivsg/catkin_ws/src/sick_scan_xd/driver/src/sick_scan_common.cpp""","""SickScanCommon",1072,- /rosout
1722883527308699009,,1323,,1722883527,308573885,'',2,"""/sick_lms_5xx""","""Receiving","""/home/ivsg/catkin_ws/src/sick_scan_xd/driver/src/sick_scan_common.cpp""","""SickScanCommon",1078,- /rosout
1722883527309502818,,1324,,1722883527,309364454,'',2,"""/sick_lms_5xx""","""Sending","""/home/ivsg/catkin_ws/src/sick_scan_xd/driver/src/sick_scan_common.cpp""","""SickScanCommon",1072,- /rosout
1722883527310404533,,1325,,1722883527,310193656,'',2,"""/sick_lms_5xx""","""Receiving","""/home/ivsg/catkin_ws/src/sick_scan_xd/driver/src/sick_scan_common.cpp""","""SickScanCommon",1078,- /rosout
1722883527310566576,,1326,,1722883527,310449828,'',2,"""/sick_lms_5xx""","""sick_lms_5xx","""/home/ivsg/catkin_ws/src/sick_scan_xd/driver/src/sick_scan_common.cpp""","""SickScanCommon",3719,- /rosout
1722883527310772462,,1327,,1722883527,310672312,'',2,"""/sick_lms_5xx""","""sick_lms_5xx","""/home/ivsg/catkin_ws/src/sick_scan_xd/driver/src/sick_scan_common.cpp""","""SickScanCommon",3724,- /rosout
1722883527310990085,,1328,,1722883527,310885531,'',2,"""/sick_lms_5xx""","""sick_lms_5xx","""/home/ivsg/catkin_ws/src/sick_scan_xd/driver/src/sick_scan_common.cpp""","""SickScanCommon",3729,- /rosout
1722883527310992374,,1329,,1722883527,310900881,'',2,"""/sick_lms_5xx""","""Sending","""/home/ivsg/catkin_ws/src/sick_scan_xd/driver/src/sick_scan_common.cpp""","""SickScanCommon",1072,- /rosout
1722883527311636455,,1330,,1722883527,311542173,'',2,"""/sick_lms_5xx""","""Receiving","""/home/ivsg/catkin_ws/src/sick_scan_xd/driver/src/sick_scan_common.cpp""","""SickScanCommon",1078,- /rosout
1722883527311681144,,1331,,1722883527,311559547,'',2,"""/sick_lms_5xx""","""Sending","""/home/ivsg/catkin_ws/src/sick_scan_xd/driver/src/sick_scan_common.cpp""","""SickScanCommon",1072,- /rosout
1722883527312499801,,1332,,1722883527,312333968,'',2,"""/sick_lms_5xx""","""Receiving","""/home/ivsg/catkin_ws/src/sick_scan_xd/driver/src/sick_scan_common.cpp""","""SickScanCommon",1078,- /rosout
1722883527312502848,,1333,,1722883527,312355337,'',2,"""/sick_lms_5xx""","""Sending","""/home/ivsg/catkin_ws/src/sick_scan_xd/driver/src/sick_scan_common.cpp""","""SickScanCommon",1072,- /rosout
1722883527313182315,,1334,,1722883527,313056472,'',2,"""/sick_lms_5xx""","""Receiving","""/home/ivsg/catkin_ws/src/sick_scan_xd/driver/src/sick_scan_common.cpp""","""SickScanCommon",1078,- /rosout
1722883527313187502,,1335,,1722883527,313078515,'',2,"""/sick_lms_5xx""","""Sending","""/home/ivsg/catkin_ws/src/sick_scan_xd/driver/src/sick_scan_common.cpp""","""SickScanCommon",1072,- /rosout
1722883527314265556,,1336,,1722883527,314053205,'',2,"""/sick_lms_5xx""","""Receiving","""/home/ivsg/catkin_ws/src/sick_scan_xd/driver/src/sick_scan_common.cpp""","""SickScanCommon",1078,- /rosout
1722883527314267892,,1337,,1722883527,314070537,'',2,"""/sick_lms_5xx""","""Sending","""/home/ivsg/catkin_ws/src/sick_scan_xd/driver/src/sick_scan_common.cpp""","""SickScanCommon",1072,- /rosout
1722883527315219511,,1338,,1722883527,314952194,'',2,"""/sick_lms_5xx""","""Receiving","""/home/ivsg/catkin_ws/src/sick_scan_xd/driver/src/sick_scan_common.cpp""","""SickScanCommon",1078,- /rosout
1722883527315223416,,1339,,1722883527,314970894,'',2,"""/sick_lms_5xx""","""Sending","""/home/ivsg/catkin_ws/src/sick_scan_xd/driver/src/sick_scan_common.cpp""","""SickScanCommon",1072,- /rosout
1722883527315867885,,1340,,1722883527,315687526,'',2,"""/sick_lms_5xx""","""Receiving","""/home/ivsg/catkin_ws/src/sick_scan_xd/driver/src/sick_scan_common.cpp""","""SickScanCommon",1078,- /rosout
1722883527317908266,,1341,,1722883527,317715413,'',2,"""/sick_lms_5xx""","""SickScanServices","""/home/ivsg/catkin_ws/src/sick_scan_xd/driver/src/sick_scan_services.cpp""","""SickScanServices",130,- /rosout
1722883527318200553,,1342,,1722883527,318078416,'',2,"""/sick_lms_5xx""","""SickScanServices","""/home/ivsg/catkin_ws/src/sick_scan_xd/driver/src/sick_scan_services.cpp""","""SickScanServices",136,- /rosout
1722883527318483748,,1343,,1722883527,318388688,'',2,"""/sick_lms_5xx""","""SickScanServices","""/home/ivsg/catkin_ws/src/sick_scan_xd/driver/src/sick_scan_services.cpp""","""SickScanServices",148,- /rosout
1722883527318824973,,1344,,1722883527,318708603,'',2,"""/sick_lms_5xx""","""SickScanServices","""/home/ivsg/catkin_ws/src/sick_scan_xd/driver/src/sick_scan_services.cpp""","""SickScanServices",154,- /rosout
1722883527319143923,,1345,,1722883527,319012116,'',2,"""/sick_lms_5xx""","""SickScanServices","""/home/ivsg/catkin_ws/src/sick_scan_xd/driver/src/sick_scan_services.cpp""","""SickScanServices",160,- /rosout
1722883527319458773,,1346,,1722883527,319292937,'',2,"""/sick_lms_5xx""","""SickScanServices","""/home/ivsg/catkin_ws/src/sick_scan_xd/driver/src/sick_scan_services.cpp""","""SickScanServices",166,- /rosout
1722883527319708136,,1347,,1722883527,319557053,'',2,"""/sick_lms_5xx""","""SickScanServices","""/home/ivsg/catkin_ws/src/sick_scan_xd/driver/src/sick_scan_services.cpp""","""SickScanServices",172,- /rosout
1722883527319714468,,1348,,1722883527,319570380,'',2,"""/sick_lms_5xx""","""SickScanServices","""/home/ivsg/catkin_ws/src/sick_scan_xd/driver/src/sick_generic_laser.cpp""","""string, rosNodePtr, bool, int&)""",651,- /rosout
1722883527319716833,,1349,,1722883527,319588610,'',2,"""/sick_lms_5xx""","""Setup completed, sick_scan_xd is up and running. Pointcloud is published on topic\","""/home/ivsg/catkin_ws/src/sick_scan_xd/driver/src/sick_generic_laser.cpp""","""string, rosNodePtr, bool, int&)""",669,- /rosout
1722883527320215766,,1350,,1722883527,320094147,'',4,"""/sick_lms_5xx""","""Field 15 of received data is not equal to 0 (5). Unexpected data, ignoring scan\n""","""/home/ivsg/catkin_ws/src/sick_scan_xd/driver/src/sick_generic_parser.cpp""","""SickGenericParser",1253,- /rosout
1722883527320219403,,1351,,1722883527,320120049,'',4,"""/sick_lms_5xx""","""Field 15 of received data is not equal to 0 (5). Unexpected data, ignoring scan\n""","""/home/ivsg/catkin_ws/src/sick_scan_xd/driver/src/sick_generic_parser.cpp""","""SickGenericParser",1253,- /rosout
1722883527399845922,,1352,,1722883527,399643854,'',4,"""/sick_lms_5xx""","""Field 15 of received data is not equal to 0 (5). Unexpected data, ignoring scan\n""","""/home/ivsg/catkin_ws/src/sick_scan_xd/driver/src/sick_generic_parser.cpp""","""SickGenericParser",1253,- /rosout
1722883527407140265,,1353,,1722883527,406668788,'',4,"""/sick_lms_5xx""","""Field 15 of received data is not equal to 0 (5). Unexpected data, ignoring scan\n""","""/home/ivsg/catkin_ws/src/sick_scan_xd/driver/src/sick_generic_parser.cpp""","""SickGenericParser",1253,- /rosout
1722883527508634719,,1354,,1722883527,444902420,'',4,"""/SparkFun_GPS_node_RearRight""","""GPSSparkFunRearRight NTRIP System Disconnected""","""SparkFun_GPS_node.py""","""main""",300,- /GPS_SparkFun_RearRight_VTG
1722883539362160965,,1355,,1722883539,361664717,'',2,"""/ousterO1/os_nodelet_mgr""","""No metadata file was specified, using","""/home/ivsg/catkin_ws/src/ouster-ros/src/os_sensor_nodelet.cpp""","""OusterSensor",116,- /rosout
1722883539362260878,,1356,,1722883539,361898548,'',2,"""/ousterO1/os_nodelet_mgr""","""Wrote sensor metadata to 192.168.0-metadata.json""","""/home/ivsg/catkin_ws/src/ouster-ros/src/os_sensor_nodelet.cpp""","""OusterSensor",123,- /rosout
1722883539362268252,,1357,,1722883539,361989557,'',2,"""/ousterO1/os_nodelet_mgr""","""ouster client version",v3.1.0\nlidar mode,"""/home/ivsg/catkin_ws/src/ouster-ros/src/os_sensor_nodelet_base.cpp""","""OusterSensorNodeletBase",49,- /rosout
1722883539365486850,,1358,,1722883539,365142806,'',4,"""/ousterO1/os_nodelet_mgr""","""point_cloud_frame is set to sensor_frame. If you need  to reproject or raytrace the\",https,"""/home/ivsg/catkin_ws/src/ouster-ros/src/os_transforms_broadcaster.h""","""OusterTransformsBroadcaster",58,- /rosout
1722883539367732004,,1359,,1722883539,367095876,'',2,"""/ousterO1/os_nodelet_mgr""","""reset service created""","""/home/ivsg/catkin_ws/src/ouster-ros/src/os_sensor_nodelet.cpp""","""OusterSensor",144,- /rosout
1722883539367953858,,1360,,1722883539,367699736,'',2,"""/ousterO1/os_nodelet_mgr""","""get_metadata service created""","""/home/ivsg/catkin_ws/src/ouster-ros/src/os_sensor_nodelet_base.cpp""","""OusterSensorNodeletBase",32,- /rosout
1722883539368547578,,1361,,1722883539,368282034,'',2,"""/ousterO1/os_nodelet_mgr""","""get_config service created""","""/home/ivsg/catkin_ws/src/ouster-ros/src/os_sensor_nodelet.cpp""","""OusterSensor",157,- /rosout
1722883539369021957,,1362,,1722883539,368818699,'',2,"""/ousterO1/os_nodelet_mgr""","""set_config service created""","""/home/ivsg/catkin_ws/src/ouster-ros/src/os_sensor_nodelet.cpp""","""OusterSensor",194,- /rosout
